{
  "products": [
    {
      "id": 1,
      "productName": "Moto G5",
      "quantity": "2",
      "price": "13000"
    },
    {
      "id": 2,
      "productName": "Racold",
      "quantity": "3",
      "price": "6000"
    },
    {
      "id": 3,
      "productName": "Dell Inspiron",
      "quantity": "4",
      "price": "5000"
    },
    {
      "productName": "iPhone",
      "quantity": "1",
      "price": "100000",
      "id": "2jUFdAn0o5wcw657D0WTA"
    },
    {
      "productName": "Espon Printer ",
      "quantity": "1",
      "price": "9500",
      "id": "MboYJgdNtDCwUB58Qd-WH"
    }
  ]
}